id,quest,shortname,item01,item02,item03,item04,item05,item06,item07,item08,item09,item10,item11,item12,item13,item14,item15,item16
94158200,【鍛冶屋】金属を鍛えよう！,【鍛冶屋】金属を鍛えよう！,ドリーム・プール,鱗粉,剣魔,剣輝,剣ピ,ストラップ,Oバンド,,,,,,,,,
94158201,【トレーダー】デイトレードに挑戦！,【トレーダー】デイトレードに挑戦！,ドリーム・プール,炉心,糸玉,狂魔,剣ピ,弓ピ,槍ピ,ウォレット,ストラップ,Oバンド,,,,,,
94158202,【音楽家】作曲しよう！,【音楽家】作曲しよう！,ドリーム・プール,歯車,狂魔,騎ピ,術ピ,殺ピ,狂ピ,ウォレット,ストラップ,,,,,,,
94158203,【狩人】獲物を狩ろう！,【狩人】獲物を狩ろう！,ドリーム・プール,幼角,蹄鉄,狂魔,狂輝,狂ピ,ウォレット,Oバンド,,,,,,,,
94158205,【武器商人】仕入れをしよう！,【武器商人】仕入れをしよう！,ドリーム・プール,実,毒針,弓魔,弓輝,弓モ,ウォレット,ストラップ,Oバンド,,,,,,,
94158207,【ゲームデベロッパー】テストプレイをしよう！,【ゲームデベロッパー】テストプレイをしよう！,ドリーム・プール,矢尻,頁,騎魔,騎輝,騎モ,ウォレット,ストラップ,,,,,,,,
94158208,【マフィア】抗争に備えよう！,【マフィア】抗争に備えよう！,ドリーム・プール,心臓,鉄杭,術秘,術輝,術モ,ウォレット,Oバンド,,,,,,,,
94158210,【ディーラー】イカサマに要注意！,【ディーラー】イカサマに要注意！,ドリーム・プール,月光,鎖,狂魔,狂輝,剣モ,弓モ,槍モ,ストラップ,Oバンド,,,,,,
94158211,【海賊】お宝を奪い合おう！,【海賊】お宝を奪い合おう！,ドリーム・プール,釜,残滓,剣秘,剣輝,剣モ,ウォレット,Oバンド,,,,,,,,
